Workbook

Sheet FruitMaster
A1: Fruit | B1: Sugar_g_per_100ml | C1: Sweetness_Score_1to10 | D1: Tartness_Score_1to10 | E1: Notes
A2: Apple | B2: 10 | C2: 7 | D2: 3
A3: Orange | B3: 8.5 | C3: 6 | D3: 5 | E3: Citrus, bright
A4: Pineapple | B4: 10 | C4: 7 | D4: 6 | E4: Tropical, sharp
A5: Grape | B5: 15 | C5: 8 | D5: 3 | E5: Very sweet
A6: Watermelon | B6: 6 | C6: 5 | D6: 2 | E6: Refreshing
A7: Pomegranate | B7: 13 | C7: 7 | D7: 7 | E7: Deep red, tannic
A8: Mango | B8: 14 | C8: 9 | D8: 3 | E8: Thick, tropical
A9: Lemon | B9: 2.5 | C9: 2 | D9: 9 | E9: Mainly acidity
A10: Lime | B10: 2 | C10: 2 | D10: 9 | E10: Sharp acidity
A11: Banana | B11: 12 | C11: 8 | D11: 1 | E11: Body, texture
A12: Blueberry | B12: 10 | C12: 6 | D12: 4 | E12: Berry, premium
A13: Strawberry | B13: 5 | C13: 5 | D13: 4 | E13: Aromatic
A14: Raspberry | B14: 4 | C14: 4 | D14: 6 | E14: Tart berry
... A24: Pear | B24: 10.5 | C24: 6 | D24: 3 | E24: Soft, neutral

Sheet JuiceCalculator
A1: Fruit | B1: Sugar_g_per_100ml | C1: Target_Sugar_g_per_L | D1: Required_Juice_ml_per_L | E1: CO2_Vols | F1: ABV_percent | G1: Safety_Flag
B2: =IFERROR(XLOOKUP(A2,FruitMaster!$A$2:$A$100,FruitMaster!$B$2:$B$100),"") | C2: 7 | D2: =IFERROR(C2*100/B2,"") | E2: =C2*0.24 | F2: =C2*0.065 | G2: =IF(C2>8,"Too high – reduce","OK (≤8 g/L)")
B3: =IFERROR(XLOOKUP(A3,FruitMaster!$A$2:$A$100,FruitMaster!$B$2:$B$100),"") | C3: 7 | D3: =IFERROR(C3*100/B3,"") | E3: =C3*0.24 | F3: =C3*0.065 | G3: =IF(C3>8,"Too high – reduce","OK (≤8 g/L)")
B4: =IFERROR(XLOOKUP(A4,FruitMaster!$A$2:$A$100,FruitMaster!$B$2:$B$100),"") | C4: 7 | D4: =IFERROR(C4*100/B4,"") | E4: =C4*0.24 | F4: =C4*0.065 | G4: =IF(C4>8,"Too high – reduce","OK (≤8 g/L)")
B5: =IFERROR(XLOOKUP(A5,FruitMaster!$A$2:$A$100,FruitMaster!$B$2:$B$100),"") | C5: 7 | D5: =IFERROR(C5*100/B5,"") | E5: =C5*0.24 | F5: =C5*0.065 | G5: =IF(C5>8,"Too high – reduce","OK (≤8 g/L)")
B6: =IFERROR(XLOOKUP(A6,FruitMaster!$A$2:$A$100,FruitMaster!$B$2:$B$100),"") | C6: 7 | D6: =IFERROR(C6*100/B6,"") | E6: =C6*0.24 | F6: =C6*0.065 | G6: =IF(C6>8,"Too high – reduce","OK (≤8 g/L)")
B7: =IFERROR(XLOOKUP(A7,FruitMaster!$A$2:$A$100,FruitMaster!$B$2:$B$100),"") | C7: 7 | D7: =IFERROR(C7*100/B7,"") | E7: =C7*0.24 | F7: =C7*0.065 | G7: =IF(C7>8,"Too high – reduce","OK (≤8 g/L)")
B8: =IFERROR(XLOOKUP(A8,FruitMaster!$A$2:$A$100,FruitMaster!$B$2:$B$100),"") | C8: 7 | D8: =IFERROR(C8*100/B8,"") | E8: =C8*0.24 | F8: =C8*0.065 | G8: =IF(C8>8,"Too high – reduce","OK (≤8 g/L)")
B9: =IFERROR(XLOOKUP(A9,FruitMaster!$A$2:$A$100,FruitMaster!$B$2:$B$100),"") | C9: 7 | D9: =IFERROR(C9*100/B9,"") | E9: =C9*0.24 | F9: =C9*0.065 | G9: =IF(C9>8,"Too high – reduce","OK (≤8 g/L)")
B10: =IFERROR(XLOOKUP(A10,FruitMaster!$A$2:$A$100,FruitMaster!$B$2:$B$100),"") | C10: 7 | D10: =IFERROR(C10*100/B10,"") | E10: =C10*0.24 | F10: =C10*0.065 | G10: =IF(C10>8,"Too high – reduce","OK (≤8 g/L)")
B11: =IFERROR(XLOOKUP(A11,FruitMaster!$A$2:$A$100,FruitMaster!$B$2:$B$100),"") | C11: 7 | D11: =IFERROR(C11*100/B11,"") | E11: =C11*0.24 | F11: =C11*0.065 | G11: =IF(C11>8,"Too high – reduce","OK (≤8 g/L)")
B12: =IFERROR(XLOOKUP(A12,FruitMaster!$A$2:$A$100,FruitMaster!$B$2:$B$100),"") | C12: 7 | D12: =IFERROR(C12*100/B12,"") | E12: =C12*0.24 | F12: =C12*0.065 | G12: =IF(C12>8,"Too high – reduce","OK (≤8 g/L)")
B13: =IFERROR(XLOOKUP(A13,FruitMaster!$A$2:$A$100,FruitMaster!$B$2:$B$100),"") | C13: 7 | D13: =IFERROR(C13*100/B13,"") | E13: =C13*0.24 | F13: =C13*0.065 | G13: =IF(C13>8,"Too high – reduce","OK (≤8 g/L)")
... B31: =IFERROR(XLOOKUP(A31,FruitMaster!$A$2:$A$100,FruitMaster!$B$2:$B$100),"") | C31: 7 | D31: =IFERROR(C31*100/B31,"") | E31: =C31*0.24 | F31: =C31*0.065 | G31: =IF(C31>8,"Too high – reduce","OK (≤8 g/L)")

Sheet MultiFruitBlend
A1: Fruit1 | B1: Pct1 | C1: Sugar1_g_100ml | D1: Fruit2 | E1: Pct2 | F1: Sugar2_g_100ml | G1: Fruit3 | H1: Pct3 | I1: Sugar3_g_100ml | J1: Fruit4 | K1: Pct4 | L1: Sugar4_g_100ml | M1: Total_Juice_ml_per_L | N1: Juice1_ml_L | O1: Juice2_ml_L | P1: Juice3_ml_L | Q1: Juice4_ml_L | R1: Total_Sugar_g_L | S1: CO2_Vols | T1: ABV_percent | U1: Safety_Flag
B2: 0.25 | C2: =IFERROR(XLOOKUP(A2,FruitMaster!$A$2:$A$100,FruitMaster!$B$2:$B$100),"") | E2: 0.25 | F2: =IFERROR(XLOOKUP(D2,FruitMaster!$A$2:$A$100,FruitMaster!$B$2:$B$100),"") | H2: 0.25 | I2: =IFERROR(XLOOKUP(G2,FruitMaster!$A$2:$A$100,FruitMaster!$B$2:$B$100),"") | K2: 0.25 | L2: =IFERROR(XLOOKUP(J2,FruitMaster!$A$2:$A$100,FruitMaster!$B$2:$B$100),"") | M2: 80 | N2: =M2*B2 | O2: =M2*E2 | P2: =M2*H2 | Q2: =M2*K2 | R2: =C2*N2/100 + F2*O2/100 + I2*P2/100 + L2*Q2/100 | S2: =R2*0.24 | T2: =R2*0.065 | U2: =IF(R2>8,"Too high – reduce","OK (≤8 g/L)")
B3: 0.25 | C3: =IFERROR(XLOOKUP(A3,FruitMaster!$A$2:$A$100,FruitMaster!$B$2:$B$100),"") | E3: 0.25 | F3: =IFERROR(XLOOKUP(D3,FruitMaster!$A$2:$A$100,FruitMaster!$B$2:$B$100),"") | H3: 0.25 | I3: =IFERROR(XLOOKUP(G3,FruitMaster!$A$2:$A$100,FruitMaster!$B$2:$B$100),"") | K3: 0.25 | L3: =IFERROR(XLOOKUP(J3,FruitMaster!$A$2:$A$100,FruitMaster!$B$2:$B$100),"") | M3: 80 | N3: =M3*B3 | O3: =M3*E3 | P3: =M3*H3 | Q3: =M3*K3 | R3: =C3*N3/100 + F3*O3/100 + I3*P3/100 + L3*Q3/100 | S3: =R3*0.24 | T3: =R3*0.065 | U3: =IF(R3>8,"Too high – reduce","OK (≤8 g/L)")
B4: 0.25 | C4: =IFERROR(XLOOKUP(A4,FruitMaster!$A$2:$A$100,FruitMaster!$B$2:$B$100),"") | E4: 0.25 | F4: =IFERROR(XLOOKUP(D4,FruitMaster!$A$2:$A$100,FruitMaster!$B$2:$B$100),"") | H4: 0.25 | I4: =IFERROR(XLOOKUP(G4,FruitMaster!$A$2:$A$100,FruitMaster!$B$2:$B$100),"") | K4: 0.25 | L4: =IFERROR(XLOOKUP(J4,FruitMaster!$A$2:$A$100,FruitMaster!$B$2:$B$100),"") | M4: 80 | N4: =M4*B4 | O4: =M4*E4 | P4: =M4*H4 | Q4: =M4*K4 | R4: =C4*N4/100 + F4*O4/100 + I4*P4/100 + L4*Q4/100 | S4: =R4*0.24 | T4: =R4*0.065 | U4: =IF(R4>8,"Too high – reduce","OK (≤8 g/L)")
B5: 0.25 | C5: =IFERROR(XLOOKUP(A5,FruitMaster!$A$2:$A$100,FruitMaster!$B$2:$B$100),"") | E5: 0.25 | F5: =IFERROR(XLOOKUP(D5,FruitMaster!$A$2:$A$100,FruitMaster!$B$2:$B$100),"") | H5: 0.25 | I5: =IFERROR(XLOOKUP(G5,FruitMaster!$A$2:$A$100,FruitMaster!$B$2:$B$100),"") | K5: 0.25 | L5: =IFERROR(XLOOKUP(J5,FruitMaster!$A$2:$A$100,FruitMaster!$B$2:$B$100),"") | M5: 80 | N5: =M5*B5 | O5: =M5*E5 | P5: =M5*H5 | Q5: =M5*K5 | R5: =C5*N5/100 + F5*O5/100 + I5*P5/100 + L5*Q5/100 | S5: =R5*0.24 | T5: =R5*0.065 | U5: =IF(R5>8,"Too high – reduce","OK (≤8 g/L)")
B6: 0.25 | C6: =IFERROR(XLOOKUP(A6,FruitMaster!$A$2:$A$100,FruitMaster!$B$2:$B$100),"") | E6: 0.25 | F6: =IFERROR(XLOOKUP(D6,FruitMaster!$A$2:$A$100,FruitMaster!$B$2:$B$100),"") | H6: 0.25 | I6: =IFERROR(XLOOKUP(G6,FruitMaster!$A$2:$A$100,FruitMaster!$B$2:$B$100),"") | K6: 0.25 | L6: =IFERROR(XLOOKUP(J6,FruitMaster!$A$2:$A$100,FruitMaster!$B$2:$B$100),"") | M6: 80 | N6: =M6*B6 | O6: =M6*E6 | P6: =M6*H6 | Q6: =M6*K6 | R6: =C6*N6/100 + F6*O6/100 + I6*P6/100 + L6*Q6/100 | S6: =R6*0.24 | T6: =R6*0.065 | U6: =IF(R6>8,"Too high – reduce","OK (≤8 g/L)")
B7: 0.25 | C7: =IFERROR(XLOOKUP(A7,FruitMaster!$A$2:$A$100,FruitMaster!$B$2:$B$100),"") | E7: 0.25 | F7: =IFERROR(XLOOKUP(D7,FruitMaster!$A$2:$A$100,FruitMaster!$B$2:$B$100),"") | H7: 0.25 | I7: =IFERROR(XLOOKUP(G7,FruitMaster!$A$2:$A$100,FruitMaster!$B$2:$B$100),"") | K7: 0.25 | L7: =IFERROR(XLOOKUP(J7,FruitMaster!$A$2:$A$100,FruitMaster!$B$2:$B$100),"") | M7: 80 | N7: =M7*B7 | O7: =M7*E7 | P7: =M7*H7 | Q7: =M7*K7 | R7: =C7*N7/100 + F7*O7/100 + I7*P7/100 + L7*Q7/100 | S7: =R7*0.24 | T7: =R7*0.065 | U7: =IF(R7>8,"Too high – reduce","OK (≤8 g/L)")
B8: 0.25 | C8: =IFERROR(XLOOKUP(A8,FruitMaster!$A$2:$A$100,FruitMaster!$B$2:$B$100),"") | E8: 0.25 | F8: =IFERROR(XLOOKUP(D8,FruitMaster!$A$2:$A$100,FruitMaster!$B$2:$B$100),"") | H8: 0.25 | I8: =IFERROR(XLOOKUP(G8,FruitMaster!$A$2:$A$100,FruitMaster!$B$2:$B$100),"") | K8: 0.25 | L8: =IFERROR(XLOOKUP(J8,FruitMaster!$A$2:$A$100,FruitMaster!$B$2:$B$100),"") | M8: 80 | N8: =M8*B8 | O8: =M8*E8 | P8: =M8*H8 | Q8: =M8*K8 | R8: =C8*N8/100 + F8*O8/100 + I8*P8/100 + L8*Q8/100 | S8: =R8*0.24 | T8: =R8*0.065 | U8: =IF(R8>8,"Too high – reduce","OK (≤8 g/L)")
B9: 0.25 | C9: =IFERROR(XLOOKUP(A9,FruitMaster!$A$2:$A$100,FruitMaster!$B$2:$B$100),"") | E9: 0.25 | F9: =IFERROR(XLOOKUP(D9,FruitMaster!$A$2:$A$100,FruitMaster!$B$2:$B$100),"") | H9: 0.25 | I9: =IFERROR(XLOOKUP(G9,FruitMaster!$A$2:$A$100,FruitMaster!$B$2:$B$100),"") | K9: 0.25 | L9: =IFERROR(XLOOKUP(J9,FruitMaster!$A$2:$A$100,FruitMaster!$B$2:$B$100),"") | M9: 80 | N9: =M9*B9 | O9: =M9*E9 | P9: =M9*H9 | Q9: =M9*K9 | R9: =C9*N9/100 + F9*O9/100 + I9*P9/100 + L9*Q9/100 | S9: =R9*0.24 | T9: =R9*0.065 | U9: =IF(R9>8,"Too high – reduce","OK (≤8 g/L)")
B10: 0.25 | C10: =IFERROR(XLOOKUP(A10,FruitMaster!$A$2:$A$100,FruitMaster!$B$2:$B$100),"") | E10: 0.25 | F10: =IFERROR(XLOOKUP(D10,FruitMaster!$A$2:$A$100,FruitMaster!$B$2:$B$100),"") | H10: 0.25 | I10: =IFERROR(XLOOKUP(G10,FruitMaster!$A$2:$A$100,FruitMaster!$B$2:$B$100),"") | K10: 0.25 | L10: =IFERROR(XLOOKUP(J10,FruitMaster!$A$2:$A$100,FruitMaster!$B$2:$B$100),"") | M10: 80 | N10: =M10*B10 | O10: =M10*E10 | P10: =M10*H10 | Q10: =M10*K10 | R10: =C10*N10/100 + F10*O10/100 + I10*P10/100 + L10*Q10/100 | S10: =R10*0.24 | T10: =R10*0.065 | U10: =IF(R10>8,"Too high – reduce","OK (≤8 g/L)")
B11: 0.25 | C11: =IFERROR(XLOOKUP(A11,FruitMaster!$A$2:$A$100,FruitMaster!$B$2:$B$100),"") | E11: 0.25 | F11: =IFERROR(XLOOKUP(D11,FruitMaster!$A$2:$A$100,FruitMaster!$B$2:$B$100),"") | H11: 0.25 | I11: =IFERROR(XLOOKUP(G11,FruitMaster!$A$2:$A$100,FruitMaster!$B$2:$B$100),"") | K11: 0.25 | L11: =IFERROR(XLOOKUP(J11,FruitMaster!$A$2:$A$100,FruitMaster!$B$2:$B$100),"") | M11: 80 | N11: =M11*B11 | O11: =M11*E11 | P11: =M11*H11 | Q11: =M11*K11 | R11: =C11*N11/100 + F11*O11/100 + I11*P11/100 + L11*Q11/100 | S11: =R11*0.24 | T11: =R11*0.065 | U11: =IF(R11>8,"Too high – reduce","OK (≤8 g/L)")
B12: 0.25 | C12: =IFERROR(XLOOKUP(A12,FruitMaster!$A$2:$A$100,FruitMaster!$B$2:$B$100),"") | E12: 0.25 | F12: =IFERROR(XLOOKUP(D12,FruitMaster!$A$2:$A$100,FruitMaster!$B$2:$B$100),"") | H12: 0.25 | I12: =IFERROR(XLOOKUP(G12,FruitMaster!$A$2:$A$100,FruitMaster!$B$2:$B$100),"") | K12: 0.25 | L12: =IFERROR(XLOOKUP(J12,FruitMaster!$A$2:$A$100,FruitMaster!$B$2:$B$100),"") | M12: 80 | N12: =M12*B12 | O12: =M12*E12 | P12: =M12*H12 | Q12: =M12*K12 | R12: =C12*N12/100 + F12*O12/100 + I12*P12/100 + L12*Q12/100 | S12: =R12*0.24 | T12: =R12*0.065 | U12: =IF(R12>8,"Too high – reduce","OK (≤8 g/L)")
B13: 0.25 | C13: =IFERROR(XLOOKUP(A13,FruitMaster!$A$2:$A$100,FruitMaster!$B$2:$B$100),"") | E13: 0.25 | F13: =IFERROR(XLOOKUP(D13,FruitMaster!$A$2:$A$100,FruitMaster!$B$2:$B$100),"") | H13: 0.25 | I13: =IFERROR(XLOOKUP(G13,FruitMaster!$A$2:$A$100,FruitMaster!$B$2:$B$100),"") | K13: 0.25 | L13: =IFERROR(XLOOKUP(J13,FruitMaster!$A$2:$A$100,FruitMaster!$B$2:$B$100),"") | M13: 80 | N13: =M13*B13 | O13: =M13*E13 | P13: =M13*H13 | Q13: =M13*K13 | R13: =C13*N13/100 + F13*O13/100 + I13*P13/100 + L13*Q13/100 | S13: =R13*0.24 | T13: =R13*0.065 | U13: =IF(R13>8,"Too high – reduce","OK (≤8 g/L)")
... B21: 0.25 | C21: =IFERROR(XLOOKUP(A21,FruitMaster!$A$2:$A$100,FruitMaster!$B$2:$B$100),"") | E21: 0.25 | F21: =IFERROR(XLOOKUP(D21,FruitMaster!$A$2:$A$100,FruitMaster!$B$2:$B$100),"") | H21: 0.25 | I21: =IFERROR(XLOOKUP(G21,FruitMaster!$A$2:$A$100,FruitMaster!$B$2:$B$100),"") | K21: 0.25 | L21: =IFERROR(XLOOKUP(J21,FruitMaster!$A$2:$A$100,FruitMaster!$B$2:$B$100),"") | M21: 80 | N21: =M21*B21 | O21: =M21*E21 | P21: =M21*H21 | Q21: =M21*K21 | R21: =C21*N21/100 + F21*O21/100 + I21*P21/100 + L21*Q21/100 | S21: =R21*0.24 | T21: =R21*0.065 | U21: =IF(R21>8,"Too high – reduce","OK (≤8 g/L)")

Sheet JuiceFermentDesigner
A1: Juice Ferment Designer
A3: Active Blend Row (from MultiFruitBlend) | B3: 2
A5: Batch_Volume_L | B5: 3
A6: Total_Juice_ml_per_L | B6: =INDEX(MultiFruitBlend!$M$2:$M$21, B3-1+1)
A8: Fruit | B8: Pct | C8: Juice_ml_per_L | D8: Juice_ml_for_Batch | E8: Sugar_g_per_100ml | F8: Sugar_g_per_L_from_this_fruit
A9: =INDEX(MultiFruitBlend!$A$2:$A$21, B3-1+1) | B9: =INDEX(MultiFruitBlend!$B$2:$B$21, B3-1+1) | C9: =INDEX(MultiFruitBlend!$N$2:$N$21, B3-1+1) | D9: =C9*$B$5 | E9: =INDEX(MultiFruitBlend!$C$2:$C$21, B3-1+1) | F9: =E9*C9/100
A10: =INDEX(MultiFruitBlend!$D$2:$D$21, B3-1+1) | B10: =INDEX(MultiFruitBlend!$E$2:$E$21, B3-1+1) | C10: =INDEX(MultiFruitBlend!$O$2:$O$21, B3-1+1) | D10: =C10*$B$5 | E10: =INDEX(MultiFruitBlend!$F$2:$F$21, B3-1+1) | F10: =E10*C10/100
A11: =INDEX(MultiFruitBlend!$G$2:$G$21, B3-1+1) | B11: =INDEX(MultiFruitBlend!$H$2:$H$21, B3-1+1) | C11: =INDEX(MultiFruitBlend!$P$2:$P$21, B3-1+1) | D11: =C11*$B$5 | E11: =INDEX(MultiFruitBlend!$I$2:$I$21, B3-1+1) | F11: =E11*C11/100
A12: =INDEX(MultiFruitBlend!$J$2:$J$21, B3-1+1) | B12: =INDEX(MultiFruitBlend!$K$2:$K$21, B3-1+1) | C12: =INDEX(MultiFruitBlend!$Q$2:$Q$21, B3-1+1) | D12: =C12*$B$5 | E12: =INDEX(MultiFruitBlend!$L$2:$L$21, B3-1+1) | F12: =E12*C12/100
A14: Total_Sugar_g_per_L | B14: =SUM(F9:F12)
A15: Total_Sugar_g_for_Batch | B15: =B14*B5
A16: CO2_Vols | B16: =B14*0.24
A17: ABV_percent | B17: =B14*0.065
A18: Safety_Flag | B18: =IF(B14>8,"Too high – reduce sugar/juice","OK (≤8 g/L)")

Sheet SOP
A1: WWY Probiotic Drink – SOP (Ginger Bug + Fruit Juice)
A3: 1. Design your flavour blend on the MultiFruitBlend sheet:
A4: - Choose up to 4 fruits using dropdowns.
A5: - Set percentage split so the total is 1.00 (100%).
A6: - Set Total_Juice_ml_per_L (typically 60–100 ml per L).
A7: - Check Total_Sugar_g_L and Safety_Flag (keep ≤ 8 g/L).
A9: 2. Go to Juice Ferment Designer:
A10: - Set Active Blend Row to the row number of your chosen blend.
A11: - Set Batch_Volume_L (e.g. 3 L, 5 L).
A12: - The sheet will output ml of each juice for the batch and sugar/CO2/ABV.
A14: 3. Brewing (per litre):
A15: - Water to make up total volume.
... A29: - Always refrigerate once carbonation is where you want it.

Sheet AutoSuggest
A1: Target_Sweetness_1to10 | B1: Target_Tartness_1to10 | C1: Suggested_Fruit1 | D1: Suggested_Fruit2 | E1: Suggested_Fruit3 | F1: Suggested_Fruit4 | G1: Pct1 | H1: Pct2 | I1: Pct3 | J1: Pct4 | K1: Notes
A2: 7 | B2: 5 | C2: =INDEX(FruitMaster!$A$2:$A$25, MATCH(LARGE(1/(ABS(FruitMaster!$C$2:$C$25-A2)+ABS(FruitMaster!$D$2:$D$25-B2)),1), 1/(ABS(FruitMaster!$C$2:$C$25-A2)+ABS(FruitMaster!$D$2:$D$25-B2)),0)) | D2: Second best match (manual placeholder) | E2: Third best | F2: Fourth best | G2: 0.4 | H2: 0.3 | I2: 0.2 | J2: 0.1 | K2: Auto-generated via flavor scoring

Sheet ProductionMode
A1: Field | B1: Value
A2: Selected Blend Row (from MultiFruitBlend) | B2: 2
A3: Batch Volume (L) | B3: 3
A4: Fruit1 | B4: =INDEX(MultiFruitBlend!A2:A21, ProductionMode!B2)
A5: Fruit2 | B5: =INDEX(MultiFruitBlend!D2:D21, ProductionMode!B2)
A6: Fruit3 | B6: =INDEX(MultiFruitBlend!G2:G21, ProductionMode!B2)
A7: Fruit4 | B7: =INDEX(MultiFruitBlend!J2:J21, ProductionMode!B2)
A8: Juice Amounts Based on Designer
A9: Juice1_ml | B9: =INDEX(JuiceFermentDesigner!C9:C12,1)
A10: Juice2_ml | B10: =INDEX(JuiceFermentDesigner!C9:C12,2)
A11: Juice3_ml | B11: =INDEX(JuiceFermentDesigner!C9:C12,3)
A12: Juice4_ml | B12: =INDEX(JuiceFermentDesigner!C9:C12,4)
A13: Total Sugar g/L | B13: =JuiceFermentDesigner!B14
A14: CO2 Volumes | B14: =JuiceFermentDesigner!B16
A15: ABV % | B15: =JuiceFermentDesigner!B17
A16: Safety Flag | B16: =JuiceFermentDesigner!B18

Sheet SignatureBlends
A1: Blend Name | B1: Fruit1 | C1: Pct1 | D1: Fruit2 | E1: Pct2 | F1: Fruit3 | G1: Pct3 | H1: Fruit4 | I1: Pct4 | J1: Notes
A2: Apple-Blueberry Balanced | B2: Apple | C2: 0.5 | D2: Blueberry | E2: 0.3 | F2: Lemon | G2: 0.1 | H2: Watermelon | I2: 0.1 | J2: Balanced profile
A3: Tropical Punch | B3: Pineapple | C3: 0.4 | D3: Mango | E3: 0.3 | F3: Passionfruit | G3: 0.2 | H3: Lime | I3: 0.1 | J3: Tropical & bright
A4: Berry Blast | B4: Strawberry | C4: 0.4 | D4: Blueberry | E4: 0.3 | F4: Raspberry | G4: 0.2 | H4: Cherry | I4: 0.1 | J4: Strong red berry

Sheet Costing
A1: Ingredient | B1: Cost_per_L_or_kg | C1: Usage_Unit | D1: Cost_for_Batch
A2: Apple Juice | B2: 120 | C2: per L
A3: Blueberry Juice | B3: 300 | C3: per L
A4: Lemon Juice | B4: 80 | C4: per L
A5: Ginger Bug | B5: 0 | C5: homemade
A6: Sugar (optional) | B6: 45 | C6: per kg

Sheet CO2Safety
A1: Sugar_g_per_L | B1: Temp_C | C1: Max_Time_Hours | D1: Risk
A2: 6 | B2: 30 | C2: 12 | D2: Moderate
A3: 7 | B3: 30 | C3: 10 | D3: High
A4: 8 | B4: 30 | C4: 8 | D4: Very High
A5: 6 | B5: 26 | C5: 18 | D5: Moderate
A6: 7 | B6: 26 | C6: 14 | D6: High
A7: 8 | B7: 26 | C7: 12 | D7: High

Sheet Dashboard
A1: CONTROL PANEL DASHBOARD
A2: --- TARGET PROFILE ---
A3: Sweetness Target (1-10) | B3: 7
A4: Tartness Target (1-10) | B4: 5
A5: Flavor Style | B5: Tropical / Berry / Citrus / Neutral
A7: --- AUTO-SUGGESTED BLEND ---
A8: Suggested Fruit 1 | B8: =AutoSuggest!C2
A9: Suggested Fruit 2 | B9: =AutoSuggest!D2
A10: Suggested Fruit 3 | B10: =AutoSuggest!E2
A11: Suggested Fruit 4 | B11: =AutoSuggest!F2
A12: Pct1 | B12: =AutoSuggest!G2
A13: Pct2 | B13: =AutoSuggest!H2
A14: Pct3 | B14: =AutoSuggest!I2
A15: Pct4 | B15: =AutoSuggest!J2
A17: --- BATCH SETUP ---
A18: Batch Volume (L) | B18: =ProductionMode!B3
A19: Fruit1 ml | B19: =JuiceFermentDesigner!D9
A20: Fruit2 ml | B20: =JuiceFermentDesigner!D10
A21: Fruit3 ml | B21: =JuiceFermentDesigner!D11
A22: Fruit4 ml | B22: =JuiceFermentDesigner!D12
A23: Total Sugar g/L | B23: =JuiceFermentDesigner!B14
A24: CO2 Vols | B24: =JuiceFermentDesigner!B16
A25: ABV % | B25: =JuiceFermentDesigner!B17
A26: Safety Flag | B26: =JuiceFermentDesigner!B18
A28: --- COSTING ---
A29: Cost per Batch (placeholder)
A31: --- SAFETY ---
A32: Recommended Max Time (hrs) | B32: =CO2Safety!C2
A33: Risk Level | B33: =CO2Safety!D2
